market_code,ticker,company_name,reason
jp_nikkei225,3407,Asahi Kasei,"Seed named it Asahi Group Holdings (ticker 2502); wrong company"
jp_nikkei225,6908,Iriso Electronics,"Seed named it Iris Ohyama (unlisted); wrong company"
jp_nikkei225,6976,Taiyo Yuden,"Seed named it Canon Electronics (ticker 7739); wrong company"
jp_nikkei225,8005,Scroll Corporation,"Seed named it Showa Shell Sekiyu (delisted 2019 into Idemitsu); wrong company"
jp_nikkei225,8804,Tokyo Tatemono,"Seed named it City Development (a Singapore developer); wrong company"
jp_nikkei225,8830,Sumitomo Realty & Development,"Seed named it SUMCO (ticker 3436); wrong company"
jp_nikkei225,9005,Tokyu Corp,"Seed named it Keio Corp (ticker 9008); wrong company"
jp_nikkei225,9008,Keio Corp,"Seed named it Keisei Electric Railway (ticker 9009); wrong company"
jp_nikkei225,9009,Keisei Electric Railway,"Seed named it Keihan Holdings (ticker 9045, not a Nikkei 225 constituent); wrong company"
jp_nikkei225,9101,Nippon Yusen,"Seed named it Mitsui O.S.K. Lines (ticker 9104); wrong company"
jp_nikkei225,9412,SKY Perfect JSAT,"Seed named it Skylark Holdings (ticker 3197); wrong company"
ch_smi,NOVN,Novartis,"Seed named it Novartis International AG; the issuer's actual name is Novartis AG, standardized to trade name"
ch_smi,ROP,Roche,"Seed used the legal name Roche Holding AG; standardized to trade name"
ch_smi,NESN,Nestlé,"Seed used the legal-register form Nestlé SA; standardized to trade name"
ch_smi,ABBN,ABB,"Seed used the legal-register form ABB Ltd; standardized to trade name"
ch_smi,UBSG,UBS,"Seed used the legal-register form UBS Group AG; standardized to trade name"
ch_smi,CFR,Richemont,"Seed used the legal-register form Compagnie Financière Richemont SA; standardized to trade name"
ch_smi,ZURN,Zurich Insurance Group,"Seed used the legal-register form Zurich Insurance Group AG; standardized to trade name"
ch_smi,HOLN,Holcim,"Seed used the legal-register form Holcim Limited; standardized to trade name"
ch_smi,SREN,Swiss Re,"Seed named it Swiss Reinsurance Company Ltd; the issuer's actual name is Swiss Re AG, standardized to trade name"
ch_smi,LONN,Lonza,"Seed used the legal-register form Lonza Group AG; standardized to trade name"
ch_smi,SCMN,Swisscom,"Seed used the legal-register form Swisscom AG; standardized to trade name"
ch_smi,GIVN,Givaudan,"Seed used the legal-register form Givaudan SA; standardized to trade name"
ch_smi,ALC,Alcon,"Seed used the legal-register form Alcon Inc; standardized to trade name"
ch_smi,SIKA,Sika,"Seed used the legal-register form Sika AG; standardized to trade name"
ch_smi,AMRZ,Amrize,"Seed used the legal-register form Amrize AG; standardized to trade name"
ch_smi,SLHN,Swiss Life,"Seed used the legal-register form Swiss Life Holding AG; standardized to trade name"
ch_smi,GEBN,Geberit,"Seed used the legal-register form Geberit AG; standardized to trade name"
ch_smi,PGHN,Partners Group,"Seed used the legal-register form Partners Group Holding AG; standardized to trade name"
ch_smi,LOGN,Logitech,"Seed used the legal-register form Logitech International SA; standardized to trade name"
se_omxs30,ADDT-B.ST,Addtech,"Seed gives the index line with its share-class letter (Addtech B); owner decision: Nordic headlines drop the class letter, like every other market. Maersk is the exception (both classes are in OMXC25)."
se_omxs30,ASSA-B.ST,Assa Abloy,"Seed gives the index line with its share-class letter (Assa Abloy B); owner decision: Nordic headlines drop the class letter, like every other market. Maersk is the exception (both classes are in OMXC25)."
se_omxs30,ATCO-A.ST,Atlas Copco,"Seed gives the index line with its share-class letter (Atlas Copco A); owner decision: Nordic headlines drop the class letter, like every other market. Maersk is the exception (both classes are in OMXC25)."
se_omxs30,EPI-A.ST,Epiroc,"Seed gives the index line with its share-class letter (Epiroc A); owner decision: Nordic headlines drop the class letter, like every other market. Maersk is the exception (both classes are in OMXC25)."
se_omxs30,ERIC-B.ST,Ericsson,"Seed gives the index line with its share-class letter (Ericsson B); owner decision: Nordic headlines drop the class letter, like every other market. Maersk is the exception (both classes are in OMXC25)."
se_omxs30,ESSITY-B.ST,Essity,"Seed gives the index line with its share-class letter (Essity B); owner decision: Nordic headlines drop the class letter, like every other market. Maersk is the exception (both classes are in OMXC25)."
se_omxs30,HEXA-B.ST,Hexagon,"Seed gives the index line with its share-class letter (Hexagon B); owner decision: Nordic headlines drop the class letter, like every other market. Maersk is the exception (both classes are in OMXC25)."
se_omxs30,HM-B.ST,Hennes & Mauritz,"Seed gives the index line with its share-class letter (Hennes & Mauritz B); owner decision: Nordic headlines drop the class letter, like every other market. Maersk is the exception (both classes are in OMXC25)."
se_omxs30,INDU-C.ST,Industrivärden,"Seed gives the index line with its share-class letter (Industrivärden C); owner decision: Nordic headlines drop the class letter, like every other market. Maersk is the exception (both classes are in OMXC25)."
se_omxs30,INVE-B.ST,Investor,"Seed gives the index line with its share-class letter (Investor B); owner decision: Nordic headlines drop the class letter, like every other market. Maersk is the exception (both classes are in OMXC25)."
se_omxs30,LIFCO-B.ST,Lifco,"Seed gives the index line with its share-class letter (Lifco B); owner decision: Nordic headlines drop the class letter, like every other market. Maersk is the exception (both classes are in OMXC25)."
se_omxs30,NIBE-B.ST,Nibe Industrier,"Seed gives the index line with its share-class letter (Nibe Industrier B); owner decision: Nordic headlines drop the class letter, like every other market. Maersk is the exception (both classes are in OMXC25)."
se_omxs30,SAAB-B.ST,Saab,"Seed gives the index line with its share-class letter (Saab B); owner decision: Nordic headlines drop the class letter, like every other market. Maersk is the exception (both classes are in OMXC25)."
se_omxs30,SCA-B.ST,SCA,"Seed gives the index line with its share-class letter (SCA B); owner decision: Nordic headlines drop the class letter, like every other market. Maersk is the exception (both classes are in OMXC25)."
se_omxs30,SEB-A.ST,SEB,"Seed gives the index line with its share-class letter (SEB A); owner decision: Nordic headlines drop the class letter, like every other market. Maersk is the exception (both classes are in OMXC25)."
se_omxs30,SHB-A.ST,Handelsbanken,"Seed gives the index line with its share-class letter (Handelsbanken A); owner decision: Nordic headlines drop the class letter, like every other market. Maersk is the exception (both classes are in OMXC25)."
se_omxs30,SKA-B.ST,Skanska,"Seed gives the index line with its share-class letter (Skanska B); owner decision: Nordic headlines drop the class letter, like every other market. Maersk is the exception (both classes are in OMXC25)."
se_omxs30,SKF-B.ST,SKF,"Seed gives the index line with its share-class letter (SKF B); owner decision: Nordic headlines drop the class letter, like every other market. Maersk is the exception (both classes are in OMXC25)."
se_omxs30,SWED-A.ST,Swedbank,"Seed gives the index line with its share-class letter (Swedbank A); owner decision: Nordic headlines drop the class letter, like every other market. Maersk is the exception (both classes are in OMXC25)."
se_omxs30,TEL2-B.ST,Tele2,"Seed gives the index line with its share-class letter (Tele2 B); owner decision: Nordic headlines drop the class letter, like every other market. Maersk is the exception (both classes are in OMXC25)."
se_omxs30,VOLV-B.ST,Volvo,"Seed gives the index line with its share-class letter (Volvo B); owner decision: Nordic headlines drop the class letter, like every other market. Maersk is the exception (both classes are in OMXC25)."
fi_omxh25,KESKOB.HE,Kesko,"Seed gives the index line with its share-class letter (Kesko B); owner decision: Nordic headlines drop the class letter, like every other market. Maersk is the exception (both classes are in OMXC25)."
fi_omxh25,SAMPO.HE,Sampo,"Seed gives the index line with its share-class letter (Sampo A); owner decision: Nordic headlines drop the class letter, like every other market. Maersk is the exception (both classes are in OMXC25)."
fi_omxh25,STERV.HE,Stora Enso,"Seed gives the index line with its share-class letter (Stora Enso R); owner decision: Nordic headlines drop the class letter, like every other market. Maersk is the exception (both classes are in OMXC25)."
fi_omxh25,KALMAR.HE,Kalmar,"Seed gives Kalmar [fi] B: a Wikipedia interlanguage marker mid-name (the seed cleaner strips trailing markers only) plus the share-class letter, dropped per the Nordic headline decision."
fi_omxh25,TIETO.HE,Tieto,"Seed gives TietoEVRY; the company renamed back to Tieto in 2025 (yfinance: Tieto Oyj)."
dk_omxc25,CARL-B,Carlsberg,"Seed gives Carlsberg Group, the group brand; the company is Carlsberg A/S, shown as its plain name."
dk_omxc25,ROCK-B,Rockwool,"Seed gives Rockwool International, the former name; the company is Rockwool A/S since 2022."
